created_at,id_str,full_text,lang,location
2023-11-01,1719779730457805037,pasca temu calon presiden presiden langkah jokowi undang ketua partai partai politik nasdem politikgagasan pdip gerindra nasdem lmnd lmndmandiri lmndterbesar pemilu24damai,in,Indonesia
2023-11-01,1719718073295597577,wakil ketua waketum partai nasdem ahmad ali koalisi ubah umum nama kapten tim menang nasional ti,in,
2023-11-03,1720381338216485223,pilih baik amin yra cc partai oalisi diri puluh partai politik partai demokrasi indonesia juang pdi p partai golong karya golkar partai nasional demokrat nasdem,in,"DKI Jakarta, Indonesia"
2023-11-04,1720720567337365593,ketua dpp partai nasdem kakak willy aditya banyak hadir kunjung amin daerah masyarakat dukung pasang amin bawa ubah adil masyarakat indonesia    ,in,"ÃœT: -6.177799,106.843475"
2023-11-04,1720675793888829589,ketua dpp pkb gus imin silaturahmi tokoh tokoh organisasi islam 3 11 mantan ketua muhammadiyah din syamsudin hadir apresiasi dukung pasang mas anies gus imin amin pilpres 2024 gusimin,in,"DKI Jakarta, Indonesia"
2023-11-04,1720788251815170531,waketum dpp partai nasdem h ahmad h m ali tarung politik tarung ide gagas gagas bawa pasang amin representasi masyarakat rakyat ubah    ,in,"ÃœT: -6.177799,106.843475"
2023-11-04,1720631385767948644,din syamsuddin anies cak imin representasi nu muhammadiyah tuju dg prof din silah retweet,in,
2023-11-04,1720631224979562967,koruptor bts plate kader nasdem tangkap sangka sdh tangkap ketua tangkap menpora tangkap kmungkinan menpora kader golkar tangkap jagung capres cawapres usung golkar prabowo gibran cemana mnrt klen sodara2,in,Bekasi - Indonesia
2023-11-04,1720723859346002234,kejut anda 2 putar tarung ganjar mahfud anies muhaimin prabowo gibran hilang suara gara gara praktek kkn putus mk,in,Indonesia
2023-11-05,1721030171313176944,calon anggota legislatif caleg partai nasional demokrat nasdem warsito alam kancah politik nasional caleg daerah pilih dapil 1 jawa timur liput kota surabaya,in,"Jawa Timur, Indonesia"
2023-11-07,1721813053405278533,pimpin bawaslu kota jakarta selatan serta staf silaturrahmi sosialisasi kantor dpc partai nasional demokrat nasdem jakarta selatan jelang proses tahap kampanye milu 2024 partai politik patuh regulasi tahap kampanye,in,Jl Wr Buncit Raya 11 Jak-Sel
2023-11-08,1722257213572718646,ketua dpp partai nasdem irma suryani chaniago tim menang nasional anies muhaimin timnas amin kuat sosok purnawiran,in,
2023-11-09,1722483054810398906,bacapres koalisi ubah anies baswedan aku partai nasdem cecar habis habis pilgub dki 2027 partai dukung maju pilpres 2024 anies rapat kerja nasional rakernas lembaga dakwah,in,
2023-11-11,1723348563055264239,foreshadowing moment anies baswedan salah deklarator organisasi masyarakat nama nasional demokrat partai tanggal 1 februari 2010 istora senayan,in,
2023-11-11,1723305338345243120,wakil ketua partai nasdem ahmad ali menep duga sebut sulit bentuk tim nasional timnas menang pasang anies baswedan mu,in,
2023-11-11,1723242378490704035,ketua surya paloh partai nasdem tumbuh salah partai politik peran peta pilih pimpin nasional polhuk adadikompas,in,"Palmerah, Jakarta"
2023-11-11,1723241100775694830,ketua surya paloh partai nasdem tumbuh salah partai politik peran peta pilih pimpin nasional polhuk adadikompas,in,"Palmerah, Jakarta"
2023-11-12,1723601562122191158,wakil ketua waketum partai nasdem ahmad ali respons kabar umum tim nasional timnas menang anies baswedan muhaimin iskandar amin,in,
2023-11-12,1723586169991204947,waketum partai nasdem ahmad ali kapten tim menang nasional anies baswedan muhaimin iskandar amanat rawan partai usung minggu 12 11 siang ard beritaelshinta,in,
2023-11-14,1724337931601744138,perindo anies baswedan muhaimin iskandar dukung partai nasional demokrat partai bangkit bangsa partai adil sejahtera prabowogibranistimewa bersamaindonesiamaju prabowogemoy prabowo subianto,in,
2023-11-14,1724300391909650796,perindo anies baswedan muhaimin iskandar dukung partai nasional demokrat partai bangkit bangsa partai adil sejahtera prabowogibranistimewa bersamaindonesiamaju prabowogemoy prabowo subianto,in,
2023-11-14,1724279745377153465,perindo anies baswedan muhaimin iskandar dukung partai nasional demokrat partai bangkit bangsa partai adil sejahtera prabowogibranistimewa bersamaindonesiamaju prabowogemoy prabowo subianto,in,"ÃœT: -6.2343885,106.7582603"
2023-11-15,1724770535853457899,pulang pergi nasdem dukung tata kawasan kampus tegalboto jember fraksi partai satu bangun fraksi partai nasional demokrat dukung tata kawasan kampus relokasi dagang politikpemerintahan dprdjember via,in,Surabaya
2023-11-15,1724755077985145337,capres koalisi ubah anies baswedan nilai temu ketua partai nasdem surya paloh kapten tim menang nasional anies muhaimin marsekal madya tni purn muhammad syaugi alaydrus tukar pikir bahas kait langkah langkah,in,
2023-11-16,1724969558853955922,nasdem tuntut anggar rumah sakit nu apbd jember 2024 fraksi partai nasional demokrat tuntut alokasi anggar dukung bangun rumah sakit nahdlatul ulama pendidikankesehatan apbdjember2024 via,in,Surabaya
2023-11-17,1725403055863312675,skala provinsi sdh coba coba skala nasional partai nasdem ketua teriak kader korupsi bubar partai asuudahlah,in,"Jakarta Timur, DKI Jakarta"
2023-11-18,1725978119717446018,diri milik partai buruh kecuali sbg tokoh nasional populer milik partai meloby coba analisa interkoneksi nasdem sp arb tokoh pkb mi,in,
2023-11-19,1726146561363861799,nasdem jember pasang gambar caleg capres picu gejolak fraksi partai nasional demokrat nasdem potensi rawan picu pasang gambar kampanye calon politikpemerintahan apbdjember2024 via,in,Surabaya
2023-11-19,1726115735267910135,nasdem cemas el nino sampah jember fraksi partai nasional demokrat dprd jember jawa timur cemas dampak fenomena el nino biasa buang sampah sembarang ekbis apbdjember2024 badaielnino via,in,Surabaya
2023-11-20,1726536493051826219,medan 20 november komisi saksi nasional ksn partai nasdem provinsi sumatera utara sumut gelar,in,
2023-11-21,1727105163813667248,tim menang nasional anies muhaimin timnas amin umum struktur lengkap jajar timnas amin nama ketua partai nasdem surya paloh mantan ketua mahkamah konstitusi hamdan zoelva lengkap,in,Jakarta
2023-11-21,1726934375827390907,rusdi masse deputi kampanye nasional ketua timnas anies cak imin sulsel ketua dpw partai nasdem sulawesi selatan rusdi masse deputi kampanye nasional tim sulsel rusdimasse kampanyenasional timnasaniescakimin,in,"Makassar, Indonesia"
2023-11-22,1727352053218025923,tadean indra bela fraksi partai golkar dugan fraksi pdip damek fraksi pkb sri harini margaretha fraksi partai nasional demokrat dewi sartika fraksi pulang pergi edvin mandala fraksi gera demokrat satu pulangpisau pulp kominfo,in,
2023-11-22,1727237002549162314,tamu roemah gera fpn kader partai demokrat legislator provinsi riau pilih anies muhaimin presiden 2024,in,
2023-11-22,1727224316272767339,ketua partai nasdem surya paloh ketua dewan bina tim nasional timnas menang anies baswedan muhaimin iskandar amin j suryapaloh timnasaniesmuhaimin amin,in,Jakarta
2023-11-22,1727190502104338707,ketua partai nasdem surya paloh ketua dewan bina tim nasional menang anies muhaimin timnas unsur bina bina surya paloh anies baswedan lt suryapaloh anies cakimin,in,Jakarta
2023-11-22,1727138577753260288,masuk jajar bina tim menang nasional amin ketua partai nasdem surya paloh ketua dewan bina anggota liput ketua majelis syuro pks salim segaf al jufri presiden pks ahmad syaikhu,in,Jakarta - Indonesia
2023-11-22,1727136500616458559,wakil ketua partai nasdem ahmad ali head coach kepala latih tim nasional timnas menang anies baswedan muhaimin iskandar j ahmadali timaniesbaswedan aniesmuhaimin,in,Jakarta
2023-11-24,1727905307161178451,24 november 2023 pimpin bawaslu kota jakarta selatan terima kunjung silaturrahmi urus dpd partai nasdem nasional demokrat kota jakarta selatan ruang rapat bawaslu kota jakarta selatan bawaslukotajakartaselatan sosialisasidankoordinasipemilu2024,in,Jl Wr Buncit Raya 11 Jak-Sel
2023-11-26,1728727474413150605,dekat kampanye resmi 28nov 23 pakanies gusimin dukung pakanies hadir deklarasi abi anies amin dukung abi lengkap rawan amin bersama2 menang pilpres insyaallah optimis,in,
2023-11-26,1728678608540205563,damping anies baswedan hadir giat psht madiun komitmen psht jaga milu jujur adil bentuk partisipasi kuat demokrasi sungguh,in,Lumajang
2023-11-26,1728608854668419506,temu kadang deklarasi milu damai guru silat saudara setia hati teratai anies baswedan lokasi sambut bp issoebiantoro ketua dewan pusat psht amah tamah tokoh tamu undang tribun pimpin guru,in,Indonesia 
2023-11-26,1728769220799082850,proses dewasa politik wlpun sbg timses dr ayah2 patut apresiasi juang mikail aziz baswedan mega safira putri sulung dr gusimin sbg timses undang dr nasdem sumut komunikasi publik patut apresiasi,in,
2023-11-26,1728666286916550742,ketua dpp partai nasdem kakak terang survey potret data benar sifat prediktif kakak kakak hasil survei tentu hasil itstime partainasdem restorasiindonesia gerakanperubahan,in,"ÃœT: -6.177799,106.843475"
2023-11-26,1728685017541554473,anies cak imin yakin menang pilpres 2024 putar curang,in,Indonesia
2023-11-28,1729505690434359492,susul tinggal pemkab jember desak normatif fraksi partai nasional demokrat dprd kabupaten jember jawa timur perintah daerah awal politikpemerintahan apbdjember2024 via,in,Surabaya
2023-11-29,1729759262774091999,nasional demokrat nasdem partai bangkit bangsa pkb partai adil sejahtera pks bersamaindonesiamaju prabowogibranistimewa prabowogemoy prabowo subianto,in,
2023-11-30,1730156980164288623,wates 30 november anggota dpr ri partai nasdem subardi atlet sepak bola nasional,in,
2023-12-01,1730486803835281672,ketua dpw partai nasional demokrat nasdem pulau riau muhammad rudi enggan komentar informasi kait istri rupa wakil gubernur kepri marlin agustina rudi gabung tim kampanye daerah tkd pasang prabowo subianto gibran rakabuming raka,in,"Pulo Gadung, Indonesia"
2023-12-01,1730479414318977174,bicara dinasti politik nyenye tingkat nasional main noh tingkat daerah bapak habis periode lanjut anak dua nyaleg lini partai main pdip nasdem pan dsb,in,
2023-12-02,1731094001812660604,nasdem sp pinter salah tuju elektabilitas partai ab menang kalah suara nasional nasdem strategi narasi ubah,in,
2023-12-05,1732014805316231416,partai solidaritas indonesia psi 8 kursi partai nasional demokrat nasdem 7 kursi partai golong karya golkar 6 kursi partai bangkit bangsa pkb 5 kursi partai satu bangun pulang pergi 1 kursi,in,"Dukuhwaru, Indonesia"
2023-12-05,1732007833137250576,wakil ketua komisi ii dpr ri fraksi partai nasdem saan musopa ada tanah sejahtera mayarakat muncul konflik tanah sengketa kait program strategis nasional,in,Jakarta
2023-12-12,1734496087216705748,daftar calon anggota dprd sukoharjo milu 2024 partai nasional demokrat dapil 5 mojolaban polokarto 7 sri sugiyatmani 8 sugiyono 9 andi nurchaman,in,"Sukoharjo, Indonesia"
2023-12-12,1734495754658726225,daftar calon anggota dprd sukoharjo milu 2024 partai nasional demokrat dapil 5 mojolaban polokarto 1 supardiyanto 2 yani prasetyo 3 arindra prihatin 4 danang agung wijayanto 5 naswurry dwijayanti 6 puspa hartanti,in,"Sukoharjo, Indonesia"
2023-12-12,1734495171411415433,daftar calon anggota dprd sukoharjo milu 2024 partai nasional demokrat dapil 4 grogol 1 khairul ahmadi 2 haryanto 3 adelia mayangsari 4 yanuari zai 5 suprihatin 6 wahid khoiruddin muhammad abduh,in,"Sukoharjo, Indonesia"
2023-12-12,1734494287457652748,daftar calon anggota dprd sukoharjo milu 2024 partai nasional demokrat dapil 3 kartasura gatak baki 7 daryati 8 triyanto 9 alif hartoyo 10 sri pujiati 11 muchammad farhan judhistira 12 endri rahayu,in,"Sukoharjo, Indonesia"
2023-12-12,1734492560813600866,daftar calon anggota dprd sukoharjo milu 2024 partai nasional demokrat dapil 3 kartasura gatak baki 1 silvy nuriya maharani 2 parmadi 3 ulung trihandoko 4 sri mardiastuti 5 agustinus dwi purwanto 6 arif setya raharja,in,"Sukoharjo, Indonesia"
2023-12-12,1734492014639829299,daftar calon anggota dprd sukoharjo milu 2024 partai nasional demokrat dapil 2 tawangsari weru bulu 1 dwi cahyono 2 sri hartana 3 sumiyarsih 4 suharni 5 tri margono 6 siti markamah 7 sri wahyono,in,"Sukoharjo, Indonesia"
2023-12-12,1734491588192301272,daftar calon anggota dprd sukoharjo milu 2024 partai nasional demokrat dapil 1 sukoharjo nguter bendosari 7 riyan wahyu santoso 8 sri suwarni 9 agus prasetyo 10 dela triana agustin 11 mujianto,in,"Sukoharjo, Indonesia"
2023-12-12,1734491264165482816,daftar calon anggota dprd sukoharjo milu 2024 partai nasional demokrat dapil 1 sukoharjo nguter bendosari 1 wahid mizan annifari 2 aan dwi susanto 3 yenny kusuma dewi 4 haryanto kusuma atmaja 5 ana susanti sri handayani 6 daryono,in,"Sukoharjo, Indonesia"
2023-12-13,1735069562201321562,anis baswedan undang 20 tokoh konvensi capres partai demokrat undang partai demokrat anis baswedan tokoh kaliber nasional anis baswedan nasdem salah tokoh cetus,in,
2023-12-13,1734725770587881594,pilpres 2024 kelak anies comot nasdem nasional demokrat partai surya paloh capres prabowo maju kali tiga capres partai gerindra,in,Palau
2023-12-14,1735243259126120817,optimistis menang undi nomor urut kpu pks salah usung pasang amin nasional demokrat nasdem partai bangkit bangsa pkb pksaminuntukindonesia,in,
2023-12-14,1735101819624566870,kakak bina serang anis anis kader partai kalah putar selesai urus anis gk ngatur partai nasdem pkb pks ummat lihat tu partai gk gabung pdip si pks nasional bertetangan pdip,in,"DKI Jakarta, Indonesia"
2023-12-15,1735647164662177839,anggota komisi ii fraksi partai nasdem ujang iskandar menteri agraria tata ruang badan tanah nasional atr bpn laku sosialisasi ptsl,in,Jakarta - Indonesia
2023-12-15,1735631226613219329,nasdem pasang calon presiden wakil presiden usul partai politik gabung partai politik oleh kurang kurang 15 persen kursi dpr 20 persen oleh suara sah nasional milu anggota dpr,in,"Jakarta Selatan, DKI Jakarta"
2023-12-15,1735591418037707191,ikhtiar tulus partai nasdem surya paloh bawa agenda rekonsiliasi nasional dlm politik mmg rencana tulus rencana batas rencana org,in,surabaya
2023-12-15,1735586919596372398,2 ganjar andhika perkasa ganjar milik pdi p andhika anggota partai politik mana anies milik dekat ormas nasional demokrat embrio bentuk partai nasdem anieslah baca manifesto nasdem 2010,in,Gerbong Khusus Wanita
2023-12-15,1735517410533515376,calon anies ikhtiar tulus partai nasdem surya paloh bawa agenda rekonsiliasi nasional belah retak bangun bangsa ubah makna ganti rejim,in,Jakarta
2023-12-17,1736175771427942434,2014 2019 2024 maaf ye maaf ye pilih akhlak langgar etik etik ndasmu kali pilih ps pimpin dg karakter moral anies muhaimin etikndasmu,in,"London, England"
2023-12-17,1736396525096611869,minim dana juang capres amin rakyat patah semangat ubah rakyat bahu bahu gotong royong bantu capresnya semangat rakyat anies baswedan kuat lawan kalah menang,in,Jakarta. Indonesia
2023-12-17,1736229816112947659,calon presiden capres nomor urut 1 anies baswedan tanggap kait ndasmu etik viral hadir silaturahmi haul morowali anies etika pimpin pucuk pimpin,in,"Pulo Gadung, Indonesia"
2023-12-17,1736210878675251663,keluarga pondok pesantren lirboyo diri dukung duet anies baswedan muhaimin iskandar cak imin pilpres 2024 newsupdate update news text,in,
2023-12-17,1736527735462465608,pondok pesantren lirboyo dukung anies muhaimin arah dukung mayoritas nu,in,
2023-12-17,1736367989010870495,langgar etik putus mkmk tuai jimly asshiddiqie orang gerindra ndasmu nyindir anies jimly,in,"Cipayung, Indonesia"
2023-12-17,1736242207190090098,keluarga pondok pesantren lirboyo diri jawa timur resmi dukung anies baswedan muhaimin iskandar amin pilpres 2024,in,
2023-12-17,1736220607300481260,alhamdulillah moga amin pasang amin anies muhaimin no 1 pondok pesantren lirboyo dukung amin pilpres 2024 aminajadulu aniesmuhaimin2024,in,Indonesia 
2023-12-19,1737255281497923804,izin acara taman budaya ntb batal anies perintah arah jajar aparatur sipil negara sikap netral sulit salah calon pilpres pileg aminajadulu aniesmuhaimin2024,in,Indonesia 
2023-12-19,1737021221236326766,ntb capres no 1 anies baswedan sapa masyarakat ntb stadion 17 desember aminajadulu aminkanindonesia aniesmuhaimin2024,in,Indonesia 
2023-12-19,1736912686926242258,capres no 1 anies baswedan tanggap misteri janggal dana kampanye usut tuntas biar demokrasi rusak praktek aminajadulu aminkanindonesia aniesmuhaimin2024,in,Indonesia 
2023-12-19,1737012745487437956,capres no 1 anies baswedan sapa masyarakat ntb stadion 17 desember semangat ubah aminajadulu aminkanindonesia aniesmuhaimin2024,in,Indonesia 
2023-12-19,1737042696542531950,pakta integritas ijtima ulama anies baswedan jalan prinsip pancasila uud 45 maslahat rakyat indonesia beliau kelompok mana desakanies aminajadulu aniesmuhaimin2024,in,Indonesia 
2023-12-19,1737003220554383684,anies baswedan silahturahmi masyarakat ntb pasang amin no 1 indonesia adil makmur aminajadulu aminkanindonesia aniesmuhaimin2024,in,Indonesia 
2023-12-19,1736957118258004208,calon pimpin indonesia anak mudah pasang amin wakil deputi bidang milenial gen z timnas amin ketua dpp bidang pilih mula milenial dpp partai nasdem kakak lathifa al anshori   ,in,"ÃœT: -6.177799,106.843475"
2023-12-19,1737169807303455125,anies hormat hak pilih bagi uang aniesmuhaimin2024 rmol,in,Indonesia
2023-12-19,1737082712547270869,anies baswedan kampanye ntb rebut lumbung suara prabowo,in,
2023-12-19,1737147425499009089,wakil presiden ri 10 12 jusuf kalla jk arah dukung pasang anies baswedan muhaimin iskandar amin pilpres 2024,in,
2023-12-19,1736928689793999128,tunggu papua presiden 2024 2029 anies baswedan nasdem lupa tinggal jejak dukung amin wakanda no more indonesia forever aniespresidenku aniespresidengue aniespresiden2024 aniesmuhaimin2024 aminpalingsiapuntukindonesia,in,Jakarta
2023-12-19,1737015136769204601,semalem makan malam bareng kawan turun tionghoa kenal kalang komunitas profile cerita kalang tionghoa sdh dukung amin cek rekam jejak anies baswedan,in,"Tomage-Fakfak, Indonesia"
2023-12-19,1737152866547347888,dukung prabowo gibran baca calon gibran cacat etik legitimasi sosial hamdan zoelva mantan ketua mahkamah konstitusi anies baswedan serta acara desak anies selasa 19 desember 2023 mataran ntb,in,"Denpasar, Bali"
2023-12-20,1737339210611531782,bajer pdip partai papan nasional ngurusin partai bau kencur situ trik politik strategi 02 jalan pdip lupa partai middle gerilya gerindra golkar demokrat pan nasdem pkb rongrong suara pdip,in,
2023-12-22,1738215342600798405,masyarakat magetan ajak nonton debat cawapres dpd nasdem kader simpatisan partai nasional demokrat masyarakat magetan ajak nonton bareng debat politikpemerintahan debatcawapres magetan via,in,Surabaya
2023-12-22,1738174474363732240,ramzi aktor sinema elektronik gabung partai nasional demokrat nasdem sayang orang sell nyiyir selebriti artis calon wakil rakyat ramzi serial selebriti artis calon,in,Jakarta
2023-12-25,1739162748045664662,aman giat kampanye partai nasional demokrat nasdem kabupaten tapanuli selatan polres tapanuli selatan wilayah hukum polres tapanuli selatan minggu tanggal 24 desember 2023 09 30 wib s selesai,in,
2023-12-27,1739959695211909462,prananda surya paloh anak ketua nasdem surya paloh partai nasional demokrat nasdem nasdem mudamemilih pemilu2024,in,"ÃœT: 62.478419,21.330711"
2023-12-28,1740396866137882790,banding skala propinsi nasional pres partai dukung nasdem pkb pks 30 kalah oposisi rawan impeachment negosiator ulung kompromi,in,
2023-12-28,1740215568404459877,partai nasdem aju tangguh tahan juru bicara tim menang nasional anies baswedan muhaimin iskandar amin indra charismiadji tangkap jaksa negeri jakarta timur kait duga pajak,in,Jakarta - Indonesia
2023-12-28,1740200910650065274,giat kampanye caleg dprd kabupaten tapanuli selatan dapil i partai nasional demokrat nasdem polres tapanuli selatan laksana giat kampanye caleg dprd kabupaten tapanuli selatan dapil i partai nasional demokrat nasdem,in,
2023-12-29,1740576244792766941,jagung jelas kait tahan juru bicara tim nasional menang anies muhaimin nurindra charismiadji kejar jakarta timur rutan cipinang rabu 27 12 tahan politikus partai nasdem duga gelap pajak,in,Indonesia
2023-12-29,1740564898021839151,tim hukum nasional amin sorot banyak cabut izin giat capres anies baswedan dadak 1 cabut izin acara silaturrami akbar anies baswedan partai nasdem taman ratu sultanah safiatuddin aceh,in,
2024-01-01,1741845302678855855,demokrat tenggelam demokrat anies baswedan aminajadulu,in,
2024-01-01,1741729726451097824,tenggelam demokrat gatot nurmantyo naluri politik surya paloh tajam langkah positif aman anies park ahn nice cha kim in,in,
2024-01-01,1741618479692967991,pesan abah bangga laku kemarin bangga rawan juang yakin nusa bangsa ikhtiar moga allah kabul anies presiden 2024 aminajadulu sobatanies,in,"Jakarta Pusat, DKI Jakarta"
2024-01-01,1741792157328117859,breaking news suara politikus pdip bahas rencana 2 putar milu nasdem pks pdip klau real brati metode sdh muncul tagar asalbukanprabowo nasdem kisruh team tpn amin ayo demokrat,in,"Singapur, India"
2024-01-01,1741708760555671566,bahagia sederhana isi nyata sudirman said bikin partai nasdem radang,in,"Kebumen, Indonesia"
2024-01-01,1741799261690527750,nasdem desak surat suara masalah negeri musnah,in,Indonesia
2024-01-01,1741736035598704851,polemik sudirman said ahmad ali nasdem solid temponasional,in,Indonesia
2024-01-02,1742065087148610006,amin backup kiai kiai nomor tokoh tokoh ulama dukung paslon anies muhaimin presiden ri periode 2024 5,in,127.0.0.1
2024-01-02,1742150163685118450,kader partai demokrat nama susilawati duga komentar ras kait capres nomor urut 1 anies baswedan pemilupedia newsupdate update news videonews,in,
2024-01-02,1742078087314149887,alhamdulillah kiyai kiyai santri nu kecuali ketua pbnu nyeleneh dukung gibran alhamdulillah puluh ormas islam dukung terang terang penuh anis baswedan presiden,in,Jakarta Capital Region
2024-01-02,1742017672878113225,dukung kian tambah deklarasi dukung mu ubah sumatera utara pasang amin anies baswedan muhaimin amin aminajadulu aniesmuhaimin2024,in,Indonesia 
2024-01-02,1742143398339891497,contoh cinta rakyat pimpin cinta dukung ikhlas syarat buat hidup indonesia jakarta ayo dukung menang anies baswedan muhaimin iskandar indonesia,in,"Tomage-Fakfak, Indonesia"
2024-01-02,1742037410601746848,anggota dpr ri caleg dpr ri partai nasdem kakak fauzi amro remi lantik ribu sahabat fauzi amro safa kabupaten mus rawas muratara safa mengahantarkan kakak fauzi amro senayan menang amin sumatera selatan  ,in,"ÃœT: -6.177799,106.843475"
2024-01-02,1742204093643563249,keluarga partai nasdem duka cita wafat alm prof dr ir h rizal ramli ma mantan menteri koordinator bidang maritim sumber daya indonesia periode 2015 2016 moga perjuanganya kenang amal ibadah terima sisi,in,"ÃœT: -6.177799,106.843475"
2024-01-02,1742174204831969405,alas pindah panitia siap koalisi ubah partai ummat partai nasdem partai pks partai pkb dlm rangka datang anies baswedan temu ramah masyarakat tanah datar kampanye in syaa allaah besok jam 9 00 wib istana basa,in,Jakarta Capital Region
2024-01-02,1741992563232690391,napak tilas rumah sang kakek anies tunjuk sembunyi ancam pki,in,
2024-01-02,1741972593308234109,kader partai demokrat nama susilawati duga komentar ras kait capres nomor urut 1 anies baswedan newsupdate update news text,in,
2024-01-02,1742081793191456929,mari lawan baik hormat hormat anies baswedan muhaimin iskandar indonesia,in,"Tomage-Fakfak, Indonesia"
2024-01-02,1742037225586700427,kader2 ras pecah kongsi dg anies wajar suara demokrat jeblok 2024,in,
2024-01-02,1742156658015699109,sih tuju aparat asn pns bebas politik praktis asn pns capek pakai akun anon dar dukung anies ayo pns aku 2 akun,in,
2024-01-02,1742049609529393546,kasih lsi laku tik tok ganjar anies satu lsi prediksi paslon urut 1 amin paslon nomor urut 3 ganjar pranowo mahfud md gabung koalisi pilpres 2024 2 putar,in,Jakarta Capital Region
2024-01-02,1742137064143966276,ganjarmahfud2024 parah video rekam suara partai pdip nasdem pks pilpres 2024 putar,in,
2024-01-03,1742398718387921390,caleg dpr ri partai nasdem kakak lusyani suwandi sapa warga jakarta dengar terima aspirasi masyarakat ketua dpp partai nasdem ajak masyarakat menang amin pilpres 14 februari wujud ubah,in,"ÃœT: -6.177799,106.843475"
2024-01-03,1742469038373212421,ketua dpp partai nasdem effendi choirie logistik pasang nomor urut 1 anies baswedan muhaimin iskandar asal allah rakyat j aniesmuhaimin nasdem amin anies muhaimin jernihkanharapan,in,Jakarta
2024-01-03,1742366482271732031,khawatir netral cak imin berat mnc group selenggara debat pilpres,in,
2024-01-03,1742392841597251701,cak imin bongkar gera politik henti dukung kiai kiai nu pasang amin,in,Indonesia
2024-01-03,1742535024505967104,titip menkominfo jarang kalang profesional sebelum2 partai2 usung amin nasdem pks posisi asai partai jamin ulang usung,in,Singapore
2024-01-03,1742400208171151670,padang dukung amin anies muhaimin menang putar ubah indonesia,in,"Jawa Barat, Indonesia"
2024-01-03,1742531247438729240,genuinely hope anies imin would somehow win the election yes i m highly terrified with prabowo and jokowi dynasty coalition and it s not hard to imagine how the regime will turn out just see what was going on in the philippines under duterte backed by the marcos dynasty,en,
2024-01-05,1743125032782700988,bodoh pakai bansos pasang amin anies baswedan muhaimin iskandar no 1 menang bansos tambah manfaat aminajadulu aniesmuhaimin2024,in,Indonesia 
2024-01-05,1743318348442763442,amin indonesia beliau senyum senyum sejuk laksana butir embun beliau bicara akan mutiara jatuh ucap anies rasyid baswedan 2024aniespresiden,in,
2024-01-05,1743394966385373347,resolusi indonesia acara desak anies ada ahmad saron nasdem sensasional btp sindir keren lugas pakanies gusimin betul2 makjlebh banget sdh gitu roastingan kiky tambah suasana mjd riah 2024aniespresiden,in,
2024-01-05,1743121375974539755,senang banget kritik kemarin pas tulis ungkap si vis pacem bellum kritik nyata cak imin kes mengganggap remeh tahan nasional hubung salah anggota tim,in,"Pondok Cina, Depok"
2024-01-05,1743077550748991938,pks kuda hitam milu 2024 anies effect gaskeuun yuk rt,in,Jakarta Capital Region
2024-01-05,1743214564525912167,capres capres 01 anies baswedan tega prinsip prinsip adil rakyat kuat lemah presiden pikir sikap tindak,in,"Kuta, Indonesia"
2024-01-05,1743062252557590591,timnas amin 7 kali acara anies laksana,in,Indonesia
2024-01-05,1743209708104900940,amat prediksi massa nu jatim kiai marzuki dukung anies baswedan,in,
2024-01-05,1743229605358776643,anies bagi taktik jitu bawa ri negara maju,in,Indonesia
2024-01-05,1743153125392089169,ijtima ulama habib bahar dukung anies cak imin pilpres 2024,in,
2024-01-05,1743072319000502361,amat prediksi warga nu jatim kiai marzuki dukung anies baswedan,in,Indonesia
2024-01-07,1744122389821345937,pilpres selesai tamat juang pdip nasdem peta partai pelan2 hilang tenggelam 2 partai pdip nasdem peta politik nasional pdip nasdem nyungsep senyungsepnya peta politik nasional rakyat percaya,in,Kalibata City Jakarta Selatan
2024-01-09,1744632561597624669,calon presiden nomor urut 1 anies baswedan lanjut silaturahmi bangsa provinsi gorontalo senin 8 1 abah anies puji hangat masyarakat gorontalo antusias ubah     ,in,"ÃœT: -6.177799,106.843475"
2024-01-09,1744662103460606294,eksklusif bossman mardigu bongkar strategi tahan newmind capres debat capres anies ganjar kulit prabowo saksi bincang lengkap youtube abraham samad speak up lupa subscribe like comment share,in,Indonesia
2024-01-09,1744530387026722882,media asing kagum sosok capres anies baswedan nilai hasil rayu suara anak muda indonesia,in,
2024-01-09,1744726971785912585,ahmad dhani aku anies baswedan mati umat islam prabowo sempurna,in,Indonesia
2024-01-09,1744631386278105368,eks ketua pbnu said aqil siradj tandang kantor nasdem temponasional,in,Indonesia
2024-01-09,1744588559825395957,hasil jebol tahan emosi lawan anies baswedan nobat raja debat,in,Indonesia
2024-01-09,1744668631131398230,said aqil temu elite nasdem simpati amin newsupdate update news text,in,
2024-01-09,1744553479815967210,demokrat bukti janji kaleng2 cuy hasil demokrat pakai anies serang prabowo kakak anies teman koalisi demokrat pilih demokrat lupa tanggal 14 februari pilih partai no 14,in,Indonesia 
2024-01-09,1744682702975152276,kpk cecar ketua bappilu partai nasdem diy korupsi eks tan syl,in,
2024-01-09,1744660286974394415,partai nasdem kali milu 2014 partai politik langsung lolos parliamentary threshold batas minimal suara kursi dpr ri oleh suara milu 2014 2019 infografis cnnindonesia,in,
2024-01-09,1744764629887377778,keluarga nu deklarasi dukung anies cak imin pilpres,in,
2024-01-09,1744612965062709710,hina anies pas orang serius presiden jantan jantan sedikit,in,Indonesia
2024-01-10,1745034524906717682,anies lapor ganjar lapor mau paslon 01 03 kontestasi pilpres gitu biar 02 main pilpres enak asalbukanprabowo,in,Indonesia
2024-01-10,1745061119998529536,kolaborasi ubah bawa pasang amin anies baswedan muhaimin iskandar dinamika indonesia komponen gotong royong menang amin pimpin ubah,in,Indonesia 
2024-01-10,1744929781345550652,etika belati kubur rezim joko widodo anies gali taruh panggung politik kejut orang ujung belati kilat bayang jantung kuasa istana guncang jiwa ngobrol ubn podcast with ustadz bachtiar nasir,in,
2024-01-10,1745226513325461527,mahfud md buka buka perintah susup orang gagal anies capres,in,Indonesia
2024-01-10,1744976345720082512,selamat ultah pdip anies muhaimin nice move,in,"Cipayung, Indonesia"
2024-01-10,1744977106738790637,pilih anies sila pilih ganjar sila pilih prabowo sila janji pilih teman,in,Etherium
2024-01-10,1744915428097536505,mantan ketua urus nahdlatul ulama pbnu kh said aqil siradj silaturahmi nasdem tower jakarta pusat selasa 9 januari 2024 datang nasdem tower terima langsung wakil ketua partai nasdem ahmad ali sekjen partai nasdem hermawi,in,"ÃœT: -6.177799,106.843475"
2024-01-10,1745048143992070611,anies ucap selamat ulang pdip timnas amin peluang koalisi temponasional,in,Indonesia
2024-01-10,1745221259443786197,cak imin klaim nu muhammadiyah satu menang amin menang telak jatim,in,
2024-01-10,1744964269786255409,anies konsisten sebut posbindu posyandu kampanye kait sehat prioritas baik level kecil masyarakat padu ikut program2 tingkat ilmu sejahtera nakes padu layan sehat adil rata,in,Indonesia
2024-01-10,1744973940697833582,alhamdulillah cak imin jawa timur nu muhammadiyah satu dukung amin anies muhaimin aminajadulu,in,Indonesia 
2024-01-10,1744990371011260668,sadar anies aga gera attack on titan tutup debat pilpres tiga momen anies meraga gera anime attack on titan kepal tangan kanan silang dada tangan kiri ambil,in,"Tomage-Fakfak, Indonesia"
2024-01-10,1744887405214384357,dukung anies baswedan saut sitomorang prabowo ganjar risiko korupsi,in,
2024-01-10,1744991380244750509,kembali hak rakyat rempang mas anies baswedan gus muhaimin iskandar presiden wakil presiden ri 2024 2029,in,"Tomage-Fakfak, Indonesia"
2024-01-10,1745005611010658714,capres 01 anies rasyid baswedan ucap selamat ulang pdip 51 anies akun instagramnya newsupdate update news tex,in,
2024-01-12,1745919380414722183,beliau partai nasional demokrat kaan nyata blunder kubu 01 nanyaajah bahaya ta mari kang roban kawan kawan salam jari prabowo2024 prabowogibran2024,in,ğ™…ğ™–ğ™ ğ™–ğ™§ğ™©ğ™–
2024-01-15,1746877890153857457,bukti anies lawan pp36 2021 turun omnibuslaw kaum buruh tani anjur pilih anies muhaimin ngak berani koreksi omnibuslaw sial,in,"Jatinegara, Indonesia"
2024-01-15,1747037305448305017,assalamulaikum rak mandum lupa coblos no 1 tanggal 14 febuari 2024 lupa partai dukung gaizz nasdem pks pkb umat,in,NANGROE ACEH DARUSSALAMğŸ‡¹ğŸ‡·
2024-01-15,1746731775995576742,nakes desak anies pr negara hadir sehat kualitas warga layan sehat seringkali negara posisi nakes sbg korban nama penting rakyat nakes rakyat,in,Indonesia
2024-01-15,1746726945616957868,usaha kebumen menang anies baswedan muhaimin iskandar orang kebumen bisa nya colong usaha dukung amin gegara om dodo bikin tahar bolehkokpindah02 mah aminajadulu,in,ğŸ¦‰ğŸ¤
2024-01-15,1746819542318563375,sekjen gerindra putar anies indikasi rekayasa calon partai partai usung pilih rakyat biar rakyat kuasa milik kuasa tentu,in,Indonesia 
2024-01-15,1746720310978855177,pilih amin ri 1 ri 2 pilih nasdem pkb pks ummat wakil dpr amin pilih partai nasdem pkb pks umat kalah amin kuat mampu suara dpr,in,
2024-01-15,1746685644989219031,orang lamar kerja pimpin indonesia kelola apbn 300t kontrol sekian bumn sumber daya alam kupas rekam jejak pimpin instansi anies kupas polusi jakarta,in,"Cipayung, Indonesia"
2024-01-15,1747026116131606872,50 imb gereja peter aldo anies baswedan pimpin milik spritual,in,
2024-01-15,1746884487848554785,eks sekretaris jenderal sekjen partai nasdem styrofoam tulis angka rp 250 juta,in,Jakarta
2024-01-15,1746937627771818050,takut mundur juang juang konstitusional menang anies baswedan presiden ri juang harap hidup anak cucu maju kawan kawan menang ubah,in,"Tomage-Fakfak, Indonesia"
2024-01-15,1746737079600689186,nitip nanyain zaman nakes underpaid ngeluh dikit lansung digashlighting bawa2 abdi masyarakat dsb seolah2 sejahtera nakes solusi anies kait sejahtera nakes,in,gag city
2024-01-17,1747476825784426967,          dapat sinis sikap dukung terima masyarakat papua anies baswedan,in,"Kuta, Indonesia"
2024-01-17,1747750782064377913,anies baswedan dorong ruu dana partai politik cegah korupsi temponasional,in,Indonesia
2024-01-17,1747693346032935104,salah anies abu bakar baasyir dukung pilih politik sukarela abu bakar baasyir salah abu bakar baasyir nilai tawar bijak bijak anies sesuai penting pandang politik,in,
2024-01-17,1747540011787141139,ranking partai caleg mantan narapidana koruptor selamat 1 golkar 6 anggota 2 nasdem 5 anggota 2 pdip 5 anggota 4 pkb 4 anggota 5 demokrat 3 anggota 6 perindo 2 anggota 7 hanura 1 anggota 8 pulang pergi 1 anggota,in,Indonesia
2024-01-17,1747433295959458062,suka survei ips silah caci maki survei ips prabowo gibran 51 8 anies imin 21 3 ganjar mahfud 19 2,in,
2024-01-17,1747582680269791497,koordinator bappilu partai nasdem prananda paloh nasdem efek ekor jas capres anies baswedan posisi 2 milu,in,Jakarta
2024-01-17,1747612496012447871,nasdem optimis partai besar target daerah kuasa,in,Jakarta Capital Region
2024-01-17,1747614255258755583,label orang milih anies nirempati lupa bom bal tuduh jahat orang benci orang nirempati lupa sejarah bom bal label korelasi capres anies abb,in,"Jakarta Capital Region, Indonesia"
2024-01-17,1747664303241781654,i ve been following mas anies since 2014 konvensi capres partai demokrat situ beliau gagas indonesia ajar senang ajar peduli kualitas sdm ngelihat gera indonesia ajar,in,"Busan, Republic of Korea"
2024-01-17,1747586095460839473,warganet ramai dukung anies muhaimin jusuf kalla rakyat paham,in,
2024-01-18,1748078403012686054,amat politik muka rt 04 iyep partai untung koalisi 01 suara nasional legislatif pks pkb nasdem pecah gelora dampak suara pks milu besok,in,"Babelan, Indonesia"
2024-01-19,1748390483863470479,01 dukung partai nasional demokrat 02 dukung partai demokrat 03 dukung partai demokrasi indonesia juang tiga calon profesional demokrasi,in,Indonesia
2024-01-20,1748587330464882699,mantan main tim nasional timnas latih pss sleman seto nurdiantoro maju calon legislatif caleg partai nasdem dpr ri daerah pilih yogyakarta kakak seto juang bijak kembang olahraga indonesia lagilagi,in,"ÃœT: -6.177799,106.843475"
2024-01-20,1748596675050975411,dukung tambah kuat alumni itb juang ubah deklarasi dukung pasang anies baswedan muhaimin iskandar pilpres 2024 indonesia people deserve better,in,Indonesia 
2024-01-20,1748591184107221153,pidato anies batam kuasa ubah hukum keluarga,in,Indonesia
2024-01-20,1748545438028792198,jalan jusuf kalla jenggala center nyata sikap dukung anies cak imin pilpres 2024,in,
2024-01-20,1748572365561471122,maaf percaya wonk dar kritik menteri nasdem terang benderang cacat berani coba berani wan angin bikin statement menang adil prabowo wiranto sby sutiyoso petinggi abri era soeharto,in,Indonesia
2024-01-20,1748524136887124092,anies pilih jis kampanye kapasitas simbol keringat anak bangsa bismillah mudah lancar aminindonesialebihbaik,in,Jakarta Capital Region
2024-01-20,1748614370379362680,            minggu 21 januari 2023 11 00 wib apel digital zoom tum surya paloh capres nomor urut 1 anies,in,"ÃœT: -6.177799,106.843475"
2024-01-20,1748620124947697881,350 alumni itb deklarasi dukung anies muhaimin,in,Indonesia
2024-01-23,1749710708185649223,sholawat bangsa gus imin lampung santri kiai pesantren aniesmuhaimin2024 aminajadulu,in,Indonesia
2024-01-23,1749793268907552951,kampanye nasional partai nasdem provinsi nusa tenggara barat ntb negeri ribu menara ketua dpp partai nasdem willy aditya ntb basis bangkit partai nasdem raih target 100 kursi dpr ri nasional anies,in,"ÃœT: -6.177799,106.843475"
2024-01-23,1749702896420352296,desak abah anies jogja maaf suport doa semangat raga pikir sana hati amin 14 februri 2024 nia keluarga 57 0rang deklarasi pilih amin desakanies,in,
2024-01-23,1749616195400258006,pileg pilih partai nasdem ketua surya paloh kasih tutorial langsung coblos partai nasdem ribu massa lapang gotong royong masbagik lombok timur senin 22 01 2024 coblospartainasdem,in,"ÃœT: -6.177799,106.843475"
2024-01-23,1749706785852924098,ketua partai nasdem surya paloh nilai makzul korban stabilitas nasional aliansi mahasiswa peduli demokrasi tolak makzul jokowi nilai sesuai konstitusi,in,Indonesia
2024-01-23,1749812179476570419,mengalirderas yangdukung02 pbowogbran bikinadem bunyaikhoske 02 cak imin komika pesta demokrasi pilih pimpin tentu milu 14 pebruari 2024,in,Indonesia
2024-01-23,1749789435326345338,ribu kader simpatisan partai nasdem dukung amin penuh lapang gotong royong masbagik kabupaten lombok timur nusa tenggara barat kampanye nasional hadir ketua partai nasdem surya paloh senin 22 01 2024 orasi surya paloh,in,"ÃœT: -6.177799,106.843475"
2024-01-23,1749678638629576987,amin milik program bidang didik tuang misi lima wujud manusia indonesia sehat cerdas produktif akhlak budaya amin amin peduli didik desak anies jogja desakanies,in,
2024-01-23,1749638207351017595,haram2 enak nasdem eh bang rhoma,in,Indonesia
2024-01-23,1749917219616936054,calon presiden capres nomor urut 1 anies baswedan semringah lakon kampanye daerah istimewa yogyakarta diy pasal warga yogyakarta,in,
2024-01-23,1749669050110857480,ketua partai nasdem surya paloh pimpin apel digital kickoff kampanye buka partai nasdem milu serentak 2024 minggu 21 januari 2024 arah caleg nasdem juang musuh caleg,in,"ÃœT: -6.177799,106.843475"
2024-01-23,1749796136884314323,surya paloh pilih anies baswedan capres partai nasdem jaga semangat bangsa,in,
2024-01-23,1749780179332018214,massa pulang pergi kampanye akbar anies baswedan insya allah umat temponasional,in,Indonesia
2024-01-23,1749716713363628163,transparansi donasi anak2 muda humanies anies o1 dukung oligarki o2 boy thohir sebut djarum sampoerna strategic adaro bantu prabowo subianto gibran menang pilpres,in,
2024-01-24,1750013876828271004,anies baswedan presiden 2024 2029 demokrat anies aminajadulu,in,
2024-01-24,1750026716955951175,22 ketua partai nasdem surya paloh serta rombong dpp partai nasdem keliling kota kota pilih indonesia hadir kampanye nasional partai nasdem moga ikhtiar raih menang ubah indonesia,in,"ÃœT: -6.177799,106.843475"
2024-01-24,1750069436932043121,momen datang ketua partai nasdem surya paloh jabat teras dpp partai nasdem kalsel rangka kampanye nasional partai nasdem rabu 24 01 2024 kampanyenasionalnasdem suryapaloh kalsel kalimantanselatan,in,"ÃœT: -6.177799,106.843475"
2024-01-24,1749956479497666727,kemarin surya paloh ntb kalsel besok kalteng 22 keliling indonesia hadir kampanye nasional nasdem kampanye amin moga senantiasa sehat lindung allah,in,"ÃœT: -6.177799,106.843475"
2024-01-24,1750037937977483412,perempuan millenial genz tiru sikap politik plin plan diri tsamara 2017 tolak anies dukung prabowo rezim orba 2023 dukung ganjar demokrasi 2024 dukung prabowo rezim orba akal sehat nalar,in,South East Asia
2024-01-24,1750121825416405184,ribu masyarakat kader simpatisan sambut hangat hadir ketua surya paloh kampanye akbar nasdem gor rudy resnawan banjarbaru rabu 24 1 2024 surya paloh kader kalsel intensif giat kampanye menang,in,"ÃœT: -6.177799,106.843475"
2024-01-24,1750085784965939537,juang wakil ketua partai nasdem ahmad ali jalan ubah indonesia calon presiden deklarasi dukung do anya kelak pilih anggota legislatif dapil 1 jakarta timur,in,"ÃœT: -6.177799,106.843475"
2024-01-24,1750130285474353255,moment surya paloh kampanye akbar nasdem gor rudy resnawan banjarbaru indonesia people deserve better,in,Indonesia 
2024-01-24,1750007349836923361,calon presiden nomor urut 1 anies baswedan aniesbaswedan tanggap video hoaks bincang ketua partai nasdem nasdem suryapaloh anies era maju teknologi kritisi cek benar,in,
2024-01-24,1750142957980918254,momen ketua partai nasdem surya paloh bantu 10 ton pakan ikan tani ikan desa mal mal camat karang intan kabupaten banjar rabu 24 1 2024 siang surya paloh bantu bentuk peduli partai,in,"ÃœT: -6.177799,106.843475"
2024-01-24,1749955455223542027,sekjen pdip hasto kristiyanto respons isu temu ketua pdip megawati soekarnoputri ketua partai nasdem surya paloh hasto buka temu tokoh baca lengkap megawati suryapaloh,in,Jakarta
2024-01-24,1750145174024618484,ketua partai nasdem surya paloh tekan wujud bangsa maju mesti bangun prinsip adil adil maju makna timpang pemilujujur,in,"Jakarta Capital Region, Indone"
2024-01-24,1750053096632537381,juru bicara tim nasional menang anies baswedan muhaimin iskandar timnas amin iwan tarigan badan awas milu bawaslu awas presiden joko widodo jokowi menyalahgunakan wewenangnya presiden,in,Indonesia 
2024-01-24,1749976309202337884,top news 5 ketua partai nasdem surya paloh dapat wacana makzul presiden jokowi kembang isu makzul gulir situasi nilai baca lengkap suryapaloh,in,Jakarta
2024-01-25,1750427541503197392,anies baswedan doa ridho rahmadi ketua partai ummat menang dpr ri dapil sumatra barat 1 takbir partaiummat aniesbaswedan ridhorahmadi,in,
2024-01-25,1750390825866170614,aceh target 95 menang capres anies baswedan ronde 1 milu,in,"Aceh, Indonesia"
2024-01-25,1750469387520508134,partai adil sejahtera pks belanda gelar deklarasi dukung pasang calon presiden calon wakil presiden nomor urut anies baswedan muhaimin iskandar pilpres 2024 anies terima kasih pihak gabung gera,in,
2024-01-25,1750494386889339025,anies nyapres dukung sumbar ndre,in,
2024-01-25,1750360678786089409,10 ton pakan ikan ketua partai nasdem surya paloh serah ternak ikan kalimantan selatan rabu 24 01 2024 moga bantu manfaat besar warga ternak ikan bantu peternakikan kalsel suryapaloh,in,"ÃœT: -6.177799,106.843475"
2024-01-25,1750312684866941103,keluarga nu solid menang pasang anies baswedan muhaimin iskandar insyaallah amin menang putar,in,Jawa Tengah 
2024-01-25,1750422000525549637,giat kampanye akbar banjarbaru kalimantan selatan ketua partai nasdem surya paloh alas usung anies baswedan pilih presiden pilpres 2024 capres nomor urut 1 nilai sosok baik milik bangsa,in,
2024-01-25,1750441106859503857,1 anies imin partai nasdem pkb pks ummat acara desak anies tuju lgbt diskriminasi imin bicara publik isu pks salah vokal tolak lgbt nasdem pkb tolak ruu tahan keluarga,in,
2024-01-25,1750432764539851044,terima kasih tani ikan giat kelak inspirasi anak cucu ketua partai nasdem surya paloh apresiasi hormat tinggi tani ikan bantu 10,in,"ÃœT: -6.177799,106.843475"
2024-01-25,1750471310462058513,partai nasdem komitmen suara tahan pangan indonesia nilai diskursus politik nasional ketua dpp partai nasdem bukti serah 10 ton pakan ikan air tawar tani,in,"ÃœT: -6.177799,106.843475"
2024-01-25,1750559545968202237,sisa kerja serius penuh semangat ujung juang tanggal 14 februari wujud bentuk coblos pasang nomor urut 1 anies,in,
2024-01-25,1750654499344244988,surya paloh insya allah anies baswedan pimpin,in,
2024-01-25,1750322532400730396,8 fraksi tuju ruu usul inisiatif dpr fraksi pdi p golkar gerindra nasdem demokrat pkb pan pulang pergi fraksi fraksi pks tolak lodewijk pks satu2nya partai komorbid,in,
2024-01-25,1750409584345489581,pasang amin nomir urut 1 anies baswedan muhaimin iskandar salam padang sumatera barat saudara warga indonesia pilpres lupa coblos nomor 1 aminfor2024 aminkanindonesia,in,Nusantara
2024-01-25,1750448486917484572,bayang partai usung amin dengung capresnya pilih amin piminan nasional kuat pilih partai dukung amin nasdem salam ubah,in,Germany
2024-01-27,1751077491073298626,presiden cerdas hidup bangsa pasang no 1 amin anies baswedan muhaimin iskandar pilih,in,Indonesia 
2024-01-27,1751142182906441889,rekam jejak capres anis baswedan jabat jakarta aminajadulu,in,
2024-01-27,1751280849050624160,juli 2017 sidang paripurna dpr ri anggota fraksi pdip nasdem golkar pkb pulang pergi hanura kesah uu milu dalam hapus netralitas presiden wakil presiden ganti diperbolekan kampanye rancang undang undang milu,in,"DKI Jakarta, Indonesia"
2024-01-27,1751242721355083824,annisa pohan ancam bongkar aib anies baswedan kaget kader partai demokrat saksi ciyus bongkar aib kduluan aib buka orang gmn istighfar banyak malu aku muslim gatau adab muslim,in,IndonesiağŸ‡®ğŸ‡©
2024-01-27,1751197093291786298,iseng iseng cobain lucu lucu banget pilih 56 anies baswedan muhaimin iskandar,in,Bogor
2024-01-27,1751094451106394242,annisa pohan ancam bongkar aib anies baswedan kaget kader partai demokrat saksi,in,Indonesia
2024-01-27,1751259759934914721,skenario ideal ganjar mahfud menang anies gubernur jakarta periode prabowo pensiun rujuk mantan istri gibran jabat walikota solo periode penuh cak imin bingung,in,his excellency / yang mulia
2024-01-27,1751232992461414835,tetep milih milih paslon 02 cegah biar indonesia diabetes kena janji manis anies,in,Around The Universe
2024-01-27,1751235334875324502,lihat sih dijelasin cawapresnya cak imin demokrat mundur tim anies,in,
2024-01-27,1751264708446093503,sombong apa ahy cawapres prabowo memang ahy sbg smp ngarep ahy pikir anies pacar lho pasang anies baswedan muhaimin iskandar tum pkb milu 2019 suara 9 69 58 kursi demokrat 7 77 54 kursi,in,
2024-01-28,1751484649384337445,menang ubah membludak kampanye akbar anies baswedan nasdem aminajadulu bandunglautanamin,in,Indonesia 
2024-01-28,1751561481324261736,anies presiden nasdem juara nomor 1 anies muhaimin nomor 5 partai nasdem      itstime partainasdem restorasiindonesia gerakanperubahan,in,"ÃœT: -6.177799,106.843475"
2024-01-28,1751744470243217412,kampanye akbar abah kemarin purwakarta marathon pagi bandung nasdem surya paloh lanjut purwakarta pks pecah full dukung rawan rakyat byiaassah 2024aniespresiden,in,
2024-01-28,1751469257219809588,bandung 28 januari 2024 kampanye akbar abah anies nasdem lapang tegalega bandung haveaniesday aminajadulu,in,Seberang Rumah Pak Lurah
2024-01-28,1751532442669007010,bandung jawa barat kirim pesan penjuru indonesia bandung sambut ubah 2024 calon presiden calon wakil presiden partai amin partai nasdem wujud ubah indonesia,in,"ÃœT: -6.177799,106.843475"
2024-01-28,1751442930261463503,lokasi tegallega bandung penuh tumpah ruah amin ubah nasdem pelopor ubah anies nasdem,in,
2024-01-28,1751498598100127944,kampanye akbar partai nasdem capres nomor urut 1 gelar lapang tegal lega bandung jawa barat kampanye akbar hadir ketua partai nasdem surya paloh wakil presiden 10 12 jusuf kalla download metrotvxtend,in,
2024-01-28,1751499716800712717,ketua partai nasdem surya paloh ajak masyarakat jaga jalan demokrasi milu surya paloh saudara jaga download metrotvxtend play store app store nasdem,in,
2024-01-28,1751604318866940276,mari biru provinsi lampung riah kampanye akbar partai nasdem provinsi lampung hadir ketua partai nasdem surya paloh      itstime partainasdem restorasiindonesia,in,"ÃœT: -6.177799,106.843475"
2024-01-28,1751595168577536245,riah kampanye akbar partai nasdem jawa barat calon presiden nomor urut 1 kakak kakak hadir lapang tegalega kota bandung pagi      itstime partainasdem,in,"ÃœT: -6.177799,106.843475"
2024-01-28,1751481771626311813,       sang surya nyata karno kali lupa sejarah jas merah rakyat indonesia jalan bangsa ketua partai nasdem,in,"ÃœT: -6.177799,106.843475"
2024-01-28,1751504441684168922,500 laskar santri wonosobo menang anies baswedan muhaimin iskandar amin milu 2024 aminajadulu,in,"DKI Jakarta, Indonesia"
2024-01-28,1751584821867118613,detik detik datang tum nasdem jk abah anies bandung rangka kampanye akbar tanah pasundan sunda hebat haveaniesday bandunglautanamin,in,"Jakarta Pusat, DKI Jakarta"
2024-01-28,1751488512879431846,umum panglima juang ubah indonesia abah anies baswedan orasi pompa semangat dukung rawan juang ubah lapang sepakbola tegallega bandung 28 januari 2024 insyaallah amin menang putar,in,Jawa Tengah 
2024-01-28,1751477339719106767,kampanye akbar partai nasdem anies baswedan bandung,in,
2024-01-28,1751634194344943895,ketua partai nasdem surya paloh taruh hormat pimpin bangsa pilih jadi indonesia negara republik sistem demokrasi nasdem juang demokrasi kembang sehat indonesia    ,in,"ÃœT: -6.177799,106.843475"
2024-01-28,1751555220168233395,ade armando festival milu putar ganjar lolos dukung anies dukung pdip garis keras ketemu pks lho audiens ngerespon gapapaa,in,"Jakarta, Indonesia"
2024-01-28,1751576793059033396,dpw partai nasdem lampung sambut ketua partai nasdem surya paloh kampanye akbar partai nasdem provinsi lampung mari biru provinsi lampung      itstime partainasdem,in,"ÃœT: -6.177799,106.843475"
2024-01-28,1751598397168193708,anjerr jaman gusdur orang uda pilpres dukung anis hahahahaha jago emang nguasain platform dukung 01,in,Jakarta
2024-01-28,1751457079615963544,anies jk hadir kampanye akbar partai nasdem bandung,in,
2024-01-28,1751565347084435936,deklarasi kaula muda nusantara dukung anies muhaimin tempofoto,in,Indonesia
2024-01-28,1751489065013428421,partai nasdem gelar kampanye akbar kota bandung jawa barat minggu 28 1 2024 acara tempat lapang tegallega hadir ribu massa padat lokasi acara kampanye akbar hadir ketua partai nasdem damping capres koalisi,in,"ÃœT: -6.177799,106.843475"
2024-01-28,1751398766605901936,nasdem proses hukum hoaks rekam duga surya paloh marah anies baswedan,in,
2024-01-28,1751554983714340961,alhamdulillah yra ratus ulama tokoh masyarakat jabar deklarasi dukung anies muhaimin ragu pilih pasang no 1 amin,in,Indonesia 
2024-01-28,1751473314391044548,nasdem bilang kampanye akbar anies baswedan bandung pasti menang,in,
2024-01-28,1751453051112849732,gub nasdem prtm usung syarat susul syarat cawagub dkungan susul dr tinggal koalisi jatah cawagub skr balas jasa ps akur golkar unik,in,
2024-01-30,1752302574869590168,moga capai dicita2kan teman2 tionghoa gus dur gelar pahlawan pahlawan gusdur fyp anies aniesmuhaimin2024,in,
2024-01-30,1752152442396119395,bandung kirim sinyal ubah indonesia 30 ribu warga antusias padat lokasi acara kampanye akbar partai nasdem gelar lapang tegallega bandung jawa barat minggu 28 januari 2024   ,in,"ÃœT: -6.177799,106.843475"
2024-01-30,1752324929801032078,ketua partai nasdem surya paloh sambut laut manusia hadir lampung rangka kampanye akbar partai nasdem senin 29 januari 2024 tanda tanda ubah mata mari juang wujud ubah indonesia,in,"ÃœT: -6.177799,106.843475"
2024-01-30,1752306401572175996,manado kampanye nasdem capres 02 prabowogibran kubu belah gembos,in,"Osaka-shi Kita-ku, Osaka"
2024-01-30,1752209776338170250,tim nasional timnas menang anies baswedan muhaimin iskandar amin hapus status guru honorer pilih tang pilpres 2024 wujud kualitas didik indonesia keliru tempat guru tenaga,in,In her dream...
2024-01-30,1752221581500444838,optimisme surya paloh menang nasdem lampung calon presiden nomor urut 1 provinsi lampung satu juang menang wujud ubah restorasi indonesia      itstime,in,"ÃœT: -6.177799,106.843475"
2024-01-30,1752209063688204607,anies nasib rakyat ubah 14 februari ubah indonesia,in,
2024-01-30,1752230162215600137,tohok cak imin jokowi pimpin lalai lanjut,in,Indonesia
2024-01-30,1752277229210648952,2014 2019 nempel prabowo benci jokowi rapat anies benci jokowi kalah simpul cundang,in,Indonesia
2024-01-30,1752204030775050327,politis partai nasdem rajiv periksa saksi duga korupsi peras jabat gratifikasi tppu eks mantan syahrul yasin limpo,in,Jakarta
2024-01-30,1752201280389574998,urus senat selesai skripsi anies kawan bentuk center for student and community development cscd wadah diskusi kaji mahasiswa pakai rumah kakek giat sekretariat cscd,in,"Dresden, Germany"
2024-01-30,1752200602048995827,anies gerak aksi demo tolak sdsb sistem dana sosial hadiah bau judi era orde demonstrasi,in,"Dresden, Germany"
2024-01-31,1752648613916991840,10 kampanye nasional ketua partai nasdem surya paloh bandara sultan mahmud badaruddin kota palembang sumatera selatan download metrotvxtend play store app store suryapaloh nasdem partainasdem pemilu2024 pilpres2024,in,
2024-01-31,1752567308441251920,biru langit bumi sriwijaya palembang sumatera selatan sambut datang ketua partai nasdem serta rombong datang surya paloh langsung sambut ketua dpw nasdem sumsel herman deru ketua dpp partai nasdem fauzi amro jajar urus dpw partai,in,"ÃœT: -6.177799,106.843475"
2024-01-31,1752504020177174947,cerita aceh provinsi aceh caleg berani pasang foto capres nasdem pkb pks ummat caleg partai berani pasang foto capresnya,in,Jawa Tengah 
2024-01-31,1752659139036409977,siap h 1 kampanye akbar partai nasdem sumatera utara partai nasdem gelar kampanye akbar sumatera utara tempat lapang reformasi tembung deli serdang ratus ribu massa padat lokasi acara masyarakat sumut mari hadir,in,"ÃœT: -6.177799,106.843475"
2024-01-31,1752665027583344791,gambar dus bansos era gubernur anies baswedan dki jakarta gambar tas bansos perintah pusat sebutin sumber dana apbd pemprov dki jakarta uang rakyat sila baca fraksipksdprri pksmenangamin,in,Jakarta Capital Region
2024-01-31,1752704538014863840,ulama sumenep deklarasi dukung amin anies baswedan shock animo masyarakat madura,tl,Indonesia
2024-01-31,1752555362132381835,asalbukanpelanggarham mesti arah paslon benar2 efektif halang prabowo puncak kuasa ajak pilih kurang resiko resiko2 ribut2 putar aktivisme ribut anies menang,in,
2024-01-31,1752632915253711185,kelompok ulama nyai madura deklarasi dukung anies gus imin aminajadulu,in,"DKI Jakarta, Indonesia"
2024-01-31,1752649275455250436,komisi berantas korupsi kpk dalam ketua dewan timbang partai nasional demokrat nasdem jawa barat rajiv periksa kait duga alir uang mantan menteri tani tan syl hukum kpk,in,Jakarta Capital Region
2024-02-04,1754110899122790717,the bromance is bromancing as always anies and cak imin debatcapres2024,en,idnâ€¢engâ€¢í•œ
2024-02-04,1754173820175581589,the way they look at eo they are so proud w eo yall anak bangsa temu calon pimpin bangsa adu gagas im crying see you on top anies ganjar debatcapres2024 aforevery1 aniesfinalstage,in,idnâ€¢engâ€¢í•œ
2024-02-04,1754131190720893391,capres anies baswedan tiga visi misi debat capres tema sejahtera sosial budaya didik teknologi informasi sehat ketenagakerjaan sumber daya manusia inklusi,in,
2024-02-04,1754132979323150599,calon presiden nomor urut 1 anies baswedan satu capres buka debat malam bahasa isyarat arti bahasa isyarat abah sampai gagas debat pilpres    ,in,"ÃœT: -6.177799,106.843475"
2024-02-04,1754057319976255757,kawal menang amin partai nasdem aceh masyarakat aceh bodoh bodoh menang menang masyarakat aceh anies presiden nasdem juara pranandasuryapaloh partainasdem acehjuara restorasiindonesia,in,"ÃœT: -6.177799,106.843475"
2024-02-04,1754182043297346043,maaf anies cak imin ganjar mahfud serta dukung 01 03 sedih marah postingan statement musim milu 2024 hasil,in,"Kebumen, Indonesia"
2024-02-04,1754132544885600593,xgam aceh rayeuk dukung capres anies baswedan aspirasi politik xgam aceh rayeuk capres 2024 beda bijak pimpin partai aceh dukung prabowo,in,"Aceh, Indonesia"
2024-02-04,1754117516602019989,ustaz adi hidayat dukung doa anies baswedan kan makna anies,in,
2024-02-04,1754123580533813329,beda dengar komitmen anies baswedan presiden ri 2024 2029,in,"Tomage-Fakfak, Indonesia"
2024-02-05,1754354677356065205,seni budaya hidup mata hidup amin komitmen lestari maju seni budaya indonesia dukung karya dalam tanggal 14 februari tps pilih anies baswedan muhaimin,in,Indonesia
2024-02-05,1754384565987320026,anies bakudapa masyarakat manado debat kemarin negara cinta rakyat negara welas asih rakyat negara beda beda rakyat laki laki perempuan,in,"Bandung, Jawa Barat"
2024-02-05,1754332811870527901,bakudapa deng anies hari debat capres anies baswedan manado tepat jumpa masyarakat nasdem tower sulawesi utara senin 5 2 2024 sambut riah banget manado ubah it s time restorasi indonesia,in,"ÃœT: -6.177799,106.843475"
2024-02-05,1754361303689560509,pecahh baku dapa abah manado jumpa masyarakat nasdem tower sulawesi utara senin 5 2 2024 perubahanpastimenang,in,Jakarta Capital Region
2024-02-05,1754464023373050308,rangkai 23 kampanye nasional sulawesi utara lokasi pilih partai nasdem gelar kampanye rapat download metrotvxtend app store play store partainasdem nasdem,in,
2024-02-05,1754467856094564468,sekretaris wilayah dpw nasdem sulawesi selatan kakak syaharuddin alrif siap jelang kampanye akbar partai nasdem parepare sulawesi selatan sulawesi selatan sambut ubah menang amin partai nasdem   ,in,"ÃœT: -6.177799,106.843475"
2024-02-05,1754437661169975615,highlights riah kampanye akbar partai nasdem sumatera utara penasaran simak video      itstime partainasdem restorasiindonesia gerakanperubahan,in,"ÃœT: -6.177799,106.843475"
2024-02-05,1754432597353234582,konsisten tampil formal sinyal anies baswedan lantik presiden ri,in,
2024-02-05,1754295623304831449,lintas provinsi jatuh pilih anies muhaimin amin kaji timbang,in,
2024-02-05,1754510935690227776,pks bikin pusing finis liberal sekuler ancam akar sebenernya hubung nasdem anies coba baca2 jaman 2014 2019 nasdem pegang jagung tempo,in,
2024-02-05,1754391514640507342,korban manipulasi anies bungkuk tunduk koalisi anies milu buzzer anies keri kerumun keliling jokowi,in,
2024-02-05,1754399630320951455,ubah buzzer jokowi dukung anies biasa paksa intimidasi seragam puja salah ngamuk serang demokrat tolak tunduk manipulasi anies pilih koalisi nasdem,in,
2024-02-05,1754297618476507313,simpul anies baswedan volume cakap tinggi media sentimen positif apresiasi program sosial inisiatif inklusif citra positif kuat kritik koalisi politik prabowo subianto campur opini,in,"Jakarta Selatan, DKI Jakarta"
2024-02-05,1754488706906628489,oh bicara uu tpks lupa nasdem pkb partai dukung penuh uu partai usung anies cak imin,in,
2024-02-06,1754839070394733032,dengar aspirasi masyarakat kampanye akbar partai nasdem parepare sulawesi selatan calon presiden nomor urut anies baswedan dicurhati pria profesi nelayan pria curhat menang peluk anies panggung,in,
2024-02-06,1754770482782732406,ketua partai nasdem surya paloh aku kes materi materi capres nomor urut 1 debat pamungkas minggu 4 2 surya paloh harap kampanye anies partai nasdem didik politik,in,
2024-02-06,1754864871047631062,laut manusia banjir manusia kampanye amin capres nomor urut 01 anies baswedan lanjut safari politik mataram nusa tenggara barat ntb selasa 6 1 2024 sempat apresiasi ribu masyarakat,in,"Pulo Gadung, Indonesia"
2024-02-06,1754675572780003618,lihat lihat toreh indonesia pks cinta negeri hadir anies baswedan ubah coblospksaniespresiden,in,Jakarta Capital Region
2024-02-06,1754860873292910648,malaysia lepas kontroversial pas milu 2019 caleg nasdem anulir suara duga gelembung suara nama davin kirana anak bos lion air rusdi kirana jabat dubes malaysia,in,Indonesia
2024-02-06,1754840263992934834,waketum partai nasdem ahmad ali anggap mahfud md tuding pimpin partai politik bebek kendali,in,Jakarta
2024-02-06,1754787608469885403,partai nasdem hadir benteng pancasila energi komitmen bangsa kokoh jaga satu agam nasdem geser komitmen benteng pancasila jaga nilai nilai toleransi,in,"ÃœT: -6.177799,106.843475"
2024-02-06,1754841961209725243,cak imin langgar kode etik putus dkpp catat hitam proses politik nasional ketua partai bangkit bangsa pkb catat hitam politik nasional,in,Indonesia
2024-02-07,1755208796631437682,pat belas februari coblos nomor siji anies muhaimin kyaibergerak01 aminajadulu,in,Indonesia
2024-02-07,1755100773342753224,pilih anies muhaimin santri kiai pesantren aniesmuhaimin2024 aminajadulu,in,Indonesia
2024-02-07,1755055572595151133,sulawesi utara sambut ubah indonesia ribu warga sulawesi utara sulut tumpah ruah hadir giat bakudapa deng anies rasyid baswedan kantor dpw nasdem sulut manado senin 5 2      itstime,in,"ÃœT: -6.177799,106.843475"
2024-02-07,1755102407238000902,ketua partai nasdem surya paloh milu laksana 5 momentum evaluasi koreksi milu 13 kali indonesia hadir bebas demokrasi rakyat,in,
2024-02-07,1755212374670532661,kh mas cholil nawawi salah asuh pondok pesantren sidogiri pasuruan ajak alumni pesantren sidogiri tanah air menang paslon anies muhaimin amin pesantren sidogiri salah pesantren jatim kenal milik jaring uang,in,"Depok, Indonesia"
2024-02-07,1755054253331386596,ketua partai nasdem surya paloh kali pimpin kampanye akbar partai nasdem kota parepare sulawesi selatan ratus ribu massa kader simpatisan dukung amin padat lapang nasdem kota parepare selasa 6 2 capres nomor urut 1 anies baswedan,in,"ÃœT: -6.177799,106.843475"
2024-02-07,1755117985461948724,14 februari ubah republik indonesia amin anies baswedan muhaimin iskandar kalah coldplay 3 5 juta tiket kampanye amin habis hitung menit,in,Indonesia 
2024-02-07,1755141848128184422,bendum nasdem sahroni sayang nyata ahok kerja jokowi gibran ahok tendensius kerja bareng jokowi sahroni,in,
2024-02-08,1755487671768731882,deklarasi milenial pasang no 1 amin anies cak imin mudah mudah paslon no 1 mudah mudah anies baswedan presiden republik indonesia aminajadulu aniesmuhaimin2024,in,Indonesia 
2024-02-08,1755529857445032068,milu ketu partai nasdem surya paloh cekam was was tebar takut salah sistem demokrasi indonesia satu bangsa penting milu   ,in,"ÃœT: -6.177799,106.843475"
2024-02-08,1755404057186054175,teman bosan ingat pilih partai usung kursi dpr kuasa nasdem 100 100 100 30 lobi2 politik bijak anies profesional rakyat jadi ruu ampas aset uu,in,"Bogor, Jawa Barat"
2024-02-08,1755506313264840812,garut jujur jujur emang dukung mas anies lanjut jujur anak anak bangsa jadi anies baswedan muhaimin iskandar presiden wakil presiden ri 2024 2029 kritik tajam tajam lawan keras keras serang,in,"Tomage-Fakfak, Indonesia"
2024-02-08,1755429472516681884,2017 marah anies ahok blunder harap anies tenang marah anies pilih strategi menang selamat bangsa luka perih utama minoritas main hitung2an pilpres,in,ICJR | Anfield
2024-02-08,1755595274549108777,siang calon wakil presiden cawapres ri gus imin sapa warga bandung lapang nagreg kabupaten bandung 8 2 gus imin salah janji amin tingkat mutu didik jangkau anak penjuru tanah,in,"DKI Jakarta, Indonesia"
2024-02-08,1755383630354878801,demokrat kayak psi alias partai krisis identitas positioning kemarin poros koalisi nasdem pks reaktif sih caleg bannernya bawa bawa tagline ubah gabung koalisi 02 tuh logika,in,
2024-02-09,1755936588171972732,sulawesi tenggara daerah kunjung ketua partai nasdem surya paloh rangkai kampanye akbar nasional partai nasdem kamis 8 2 2024 pidato konsolidasi menang sulawesi tenggara surya paloh optimis sultra oleh hasil,in,"ÃœT: -6.177799,106.843475"
2024-02-09,1755974192309404139,allah tanggal 14 peb moga allah qobulkan juang hamba mu anies baswedan presiden ri 2024 apa tipu daya engkau hancur allah,in,NANGROE ACEH DARUSSALAMğŸ‡¹ğŸ‡·
2024-02-09,1755801797862826079,alhamdulillah terima kasih doa dukung deklarasi ribu alumni fatayat nu ikhtiar anies muhaimin milu 2024 insyaallah doa harap panjat gedor pintu pintu langit sempurna ikhtiar,in,Indonesia 
2024-02-09,1755753551190753340,dear abah gus kenal komunitas jedag jedug for amin gera rawan twitter tiktok fokus buat konten sosmed upaya menang anies muhaimin pilpres 2024 progress 1 2,in,"Depok, Indonesia"
2024-02-09,1755984016627659120,wakil ketua partai nasdem kakak menang amin maslahat umat      itstime partainasdem restorasiindonesia gerakanperubahan,in,"ÃœT: -6.177799,106.843475"
2024-02-09,1755868867858239521,andai jokowi video sila baca dengar surat baca mas pandji hormat izin merespon video mas pandji dengar mas pandji pilpres kali dukung anies hal,in,Mojokerto
2024-02-09,1755811260757594458,habib rizieq ijtima ulama sepakat dukung anies cak imin,in,Indonesia
2024-02-09,1755887320799277501,sekertaris dpw nasdem sulawesi selatan kakak syaharuddin alrif bakar semangat hadir partai nasdem gelar kampanye akbar parepare sulsel      itstime partainasdem restorasiindonesia,in,"ÃœT: -6.177799,106.843475"
2024-02-09,1755909245940441225,anies baswedan lantik anggota hormat himpun tempuh rimba daki gunung wanadri nomor anggota 108 nasehat keren presiden perhati giat alam bebas alam lingkung anies baswedan presiden ri,in,"Tomage-Fakfak, Indonesia"
2024-02-09,1755806687167209522,rhoma irama soneta grup kawal anies muhaimin jatim,in,
2024-02-09,1755965669223592418,dekat milu ratus ulama tokoh jawa mataraman deklarasi dukung anies muhaimin,in,
2024-02-09,1755802425183944808,sulawesi tenggara daerah kunjung ketua partai nasdem surya paloh rangkai kampanye akbar nasional partai nasdem kamis 8 2 2024 pidato konsolidasi menang sulawesi tenggara surya paloh optimis sultra oleh hasil,in,"ÃœT: -6.177799,106.843475"
2024-02-09,1755839395851370956,maaf pas debat kemarin sandiwara isi orasi kampanye jelekin kandang paslon 02 percaya nelayan caleg cm nasdem partai buruh caleg prt supir angkot buruh pabrik wakil rakyat lho,in,Indonesia
2024-02-09,1756000449134817333,curiga timses ide postingan ngomong-ngomong pantes wooii nasdem bilang indonesia orba surya paloh orba coba gimmick,in,"Magelang, Jawa Tengah"
2024-02-09,1755969377579753509,2012 anies bilang gin republik rancang lindung minoritas lindung mayoritas republik rancang lindung warga negara lindung anak bangsa,in,
2024-02-09,1755869630034477126,nasdem perindo emg dealbreaker sih partai tv nasional kompetitor,in,
2024-02-09,1755763092066386129,alas milih anies ujug2 golong putih tetep merhatiin capres cawapres sosmed berita interaksi program2 visi misi belakang,in,Indonesia
2024-02-10,1756316402884215074,jokowi abw drpd jokowi jakarta jkw dr abw tingkat nasional tekan constraint beda pkb nasdem partai dukung perintah,in,Bataviasche
2024-02-10,1756226783610028531,poltracking indonesia survei nasional ambil data lapang periode 27 januari 2 februari 2024 gerindra 18 1 pdi juang 16 4 partai golkar 10 1 pkb 9 3 pks 8 3 partai nasdem 7 1 partai demokrat 6 6 pan,in,
2024-02-10,1756177403859316823,ketua partai nasional demokrat nasdem surya paloh pegang pundak capres nomor urut 1 anies baswedan jalan jis susur kerumun dukung ria presiden gema stadion megah kampanyedamai2024 pilpres2024 pemilu2024,in,
2024-02-10,1756167775507402820,kak mohon jelasin partai koalisi nasional demokrasi a a nasdem mohon kak,in,
2024-02-10,1756156607711625403,source wikipedia seeh 45 nama deklarasi nasional demokrat cikal partai nasional demokrat nasdem,in,Anywhere but here
2024-02-12,1757170526357946738,jakarta ketua tim kampanye nasional tkn prabowo subianto gibran rakabuming raka ros perkasa roeslani ban nyata mantan anggota dewan pakar partai nasdem connie rahakundini bakrie jabat prabowo pilih presiden ri,in,
2024-02-12,1757168402375061563,jakarta ketua tim kampanye nasional tkn prabowo subianto gibran rakabuming raka ros perkasa roeslani ban nyata mantan anggota dewan pakar partai nasdem connie rahakundini bakrie jabat prabowo pilih presiden ri,in,
2024-02-12,1757162953869296124,jakarta ketua tim kampanye nasional tkn prabowo subianto gibran rakabuming raka ros perkasa roeslani ban nyata mantan anggota dewan pakar partai nasdem connie rahakundini bakrie jabat prabowo pilih presiden ri,in,
2024-02-12,1757091409939816542,jakarta ketua tim kampanye nasional tkn prabowo subianto gibran rakabuming raka ros perkasa roeslani ban nyata mantan anggota dewan pakar partai nasdem connie rahakundini bakrie jabat prabowo pilih presiden ri,in,
2024-02-12,1756988818270617832,jakarta ketua tim kampanye nasional tkn prabowo subianto gibran rakabuming raka ros perkasa roeslani ban nyata mantan anggota dewan pakar partai nasdem connie rahakundini bakrie jabat prabowo pilih presiden ri,in,
2024-02-12,1756986295774306617,jakarta ketua tim kampanye nasional tkn prabowo subianto gibran rakabuming raka ros perkasa roeslani ban nyata mantan anggota dewan pakar partai nasdem connie rahakundini bakrie jabat prabowo pilih presiden ri,in,
2024-02-12,1756983855821865288,jakarta ketua tim kampanye nasional tkn prabowo subianto gibran rakabuming raka ros perkasa roeslani ban nyata mantan anggota dewan pakar partai nasdem connie rahakundini bakrie jabat prabowo pilih presiden ri,in,
2024-02-12,1756871560034705892,ilmu pecah belah partai politik pasca milu 2014 golkar pecah lahir partai nasional demokrat diri surya paloh pulang pergi pecah kubu pan pecah partai matahari terbit pkb pecah partai masyumi,in,
2024-02-13,1757255660260200734,jakarta ketua tim kampanye nasional tkn prabowo subianto gibran rakabuming raka ros perkasa roeslani ban nyata mantan anggota dewan pakar partai nasdem connie rahakundini bakrie jabat prabowo pilih presiden ri,in,
2024-02-14,1757786378900037760,baswedan kalah bikin dukung partai nasional demokrat 3 partai politik islam pkb pks ummah menang program rencana positif 40 kota improvisasi jakarta program berantas miskin,in,"Jambi, Indonesia"
2024-02-14,1757750550450548741,oleh suara 01 nasional lt pkb nasdem pks parah jatim mesin partai pkb jalan kalah telak dr 02,in,"Depok, Indonesia"
2024-02-14,1757702313752641876,partai nasional demokrat tuh partai gila hasil qc 7 an,in,"Okinawa-ken, Japan"
